{"index":1,"name":"H2","textStyle":{"fontSize":25,"lineHeight":0,"fontPostscriptName":"FiraCode-Bold","color":{"r":0.2862745098039216,"b":0.8862745098039215,"g":0.5647058823529412,"a":1}},"category":"Text Styles"}