{"index":5,"name":"H6","textStyle":{"fontSize":10,"lineHeight":18,"fontPostscriptName":"FiraCode-Regular","color":{"r":0.592156862745098,"b":0.592156862745098,"g":0.592156862745098,"a":1}},"category":"Text Styles"}