{"color":{"r":0.2862745098039216,"b":0.8862745098039215,"g":0.5647058823529412,"a":1},"name":"Primary","category":"Colors","index":0}