{"index":4,"name":"H5","textStyle":{"fontSize":15,"lineHeight":0,"fontPostscriptName":"FiraCode-Regular","color":{"r":0.192156862745098,"b":0.192156862745098,"g":0.192156862745098,"a":1}},"category":"Text Styles"}