{"color":{"r":0.592156862745098,"b":0.592156862745098,"g":0.592156862745098,"a":1},"secondaryIndex":1,"name":"Grey Dark","category":"Colors","index":3}