{"index":0,"name":"H1","textStyle":{"fontSize":25,"lineHeight":0,"fontPostscriptName":"FiraCode-Bold","color":{"r":0.9137254901960784,"b":0.9137254901960784,"g":0.9137254901960784,"a":1}},"category":"Text Styles"}