{"color":{"r":0.8705882352941177,"b":0.01176470588235294,"g":0.6470588235294118,"a":1},"secondaryIndex":1,"name":"Secondary Dark","category":"Colors","index":1}