{"color":{"r":0.192156862745098,"b":0.192156862745098,"g":0.192156862745098,"a":1},"secondaryIndex":null,"name":"Black","category":"Colors","index":4}