{"color":{"r":0.9137254901960784,"b":0.9137254901960784,"g":0.9137254901960784,"a":1},"secondaryIndex":0,"name":"Grey","category":"Colors","index":3}